State,Link to Emergency Management
Alabama,http://ema.alabama.gov/
Alaska,https://akpreparedness.com/
Arizona,https://dema.az.gov/
Arkansas,http://www.adem.arkansas.gov/
California,https://www.caloes.ca.gov/
Colorado,http://www.coemergency.com/
Connecticut,http://www.ct.gov/demhs
Delaware,http://dema.delaware.gov/
District of Columbia,https://hsema.dc.gov/
Florida,http://www.floridadisaster.org/
Georgia,https://gema.georgia.gov/
Hawaii,https://dod.hawaii.gov/hiema/
Idaho,https://ioem.idaho.gov/
Illinois,https://iemaohs.illinois.gov/
Indiana,http://www.in.gov/dhs/
Iowa,https://homelandsecurity.iowa.gov/
Kansas,https://www.kansastag.gov/101/KDEM
Kentucky,https://kyem.ky.gov/Pages/default.aspx
Louisiana,http://www.ohsep.louisiana.gov/
Maine,http://www.maine.gov/mema/
Maryland,http://www.mema.state.md.us/
Massachusetts,https://www.mass.gov/orgs/massachusetts-emergency-management-agency
Michigan,https://www.michigan.gov/msp/divisions/emhsd
Minnesota,"https://dps.mn.gov/divisions/hsem/Pages/default.aspx
.asp"
Mississippi,https://www.msema.org/
Missouri,https://sema.dps.mo.gov/
Montana,https://des.mt.gov/
Nebraska,https://nema.nebraska.gov/
Nevada,https://dem.nv.gov/
New Hampshire,https://www.nh.gov/safety/divisions/hsem/
New Jersey,http://www.state.nj.us/njoem/
New Mexico,http://www.nmdhsem.org/
New York,https://www.dhses.ny.gov/office-emergency-management
North Carolina,https://www.ncdps.gov/our-organization/emergency-management
North Dakota,http://www.nd.gov/des/disaster/
Ohio,https://ema.ohio.gov/
Oklahoma,http://www.ok.gov/OEM/
Oregon,http://www.oregon.gov/OMD/OEM/
Pennsylvania,https://www.pema.pa.gov/Pages/default.aspx
Rhode Island,http://www.riema.ri.gov/
South Carolina,http://www.scemd.org/
South Dakota,https://dps.sd.gov/emergency-services/emergency-management
Tennessee,http://www.tnema.org/
Texas,https://www.tdem.texas.gov/
Utah,http://www.des.utah.gov/homelandsecur ity/emcommunity.html
Vermont,https://vem.vermont.gov/
Virginia,https://www.vaemergency.gov/
Washington,http://www.emd.wa.gov/
West Virginia,https://emd.wv.gov/Pages/default.aspx
Wisconsin,https://wem.wi.gov/
Wyoming,http://wyohomelandsecurity.state.wy.us/ main.aspx